{
  "model_adam_lr0.001_bs16": 68.50068775790922,
  "model_sgd_lr0.001_bs16": 76.34112792297113,
  "model_rmsprop_lr0.001_bs16": 80.33012379642366,
  "model_adam_lr0.001_bs32": 48.143053645116915,
  "model_sgd_lr0.001_bs32": 73.31499312242092,
  "model_rmsprop_lr0.001_bs32": 76.75378266850069,
  "model_adam_lr0.001_bs64": 30.39889958734525,
  "model_sgd_lr0.001_bs64": 30.39889958734525,
  "model_rmsprop_lr0.001_bs64": 30.39889958734525,
  "model_adam_lr0.0001_bs16": 78.40440165061898,
  "model_sgd_lr0.0001_bs16": 70.83906464924347,
  "model_rmsprop_lr0.0001_bs16": 71.38927097661623,
  "model_adam_lr0.0001_bs32": 53.50756533700138,
  "model_sgd_lr0.0001_bs32": 70.56396148555709,
  "model_rmsprop_lr0.0001_bs32": 35.350756533700135,
  "model_adam_lr0.0001_bs64": 30.39889958734525,
  "model_sgd_lr0.0001_bs64": 30.39889958734525,
  "model_rmsprop_lr0.0001_bs64": 30.39889958734525,
  "model_adam_lr1e-05_bs16": 73.03988995873453,
  "model_sgd_lr1e-05_bs16": 67.53782668500688,
  "model_rmsprop_lr1e-05_bs16": 70.2888583218707,
  "model_adam_lr1e-05_bs32": 55.98349381017882,
  "model_sgd_lr1e-05_bs32": 67.81292984869326,
  "model_rmsprop_lr1e-05_bs32": 67.2627235213205,
  "model_adam_lr1e-05_bs64": 30.39889958734525,
  "model_sgd_lr1e-05_bs64": 30.811554332874824,
  "model_rmsprop_lr1e-05_bs64": 59.97248968363136
}