{
  "model_adam_lr0.001_bs16": 81.23052959501558,
  "model_sgd_lr0.001_bs16": 79.3613707165109,
  "model_rmsprop_lr0.001_bs16": 77.25856697819314,
  "model_adam_lr0.001_bs32": 77.02492211838006,
  "model_sgd_lr0.001_bs32": 75.70093457943925,
  "model_rmsprop_lr0.001_bs32": 84.50155763239874,
  "model_adam_lr0.001_bs64": 69.78193146417446,
  "model_sgd_lr0.001_bs64": 73.75389408099689,
  "model_rmsprop_lr0.001_bs64": 39.17445482866043,
  "model_adam_lr0.0001_bs16": 81.61993769470405,
  "model_sgd_lr0.0001_bs16": 70.6386292834891,
  "model_rmsprop_lr0.0001_bs16": 80.7632398753894,
  "model_adam_lr0.0001_bs32": 79.20560747663552,
  "model_sgd_lr0.0001_bs32": 69.31464174454828,
  "model_rmsprop_lr0.0001_bs32": 79.67289719626169,
  "model_adam_lr0.0001_bs64": 52.570093457943926,
  "model_sgd_lr0.0001_bs64": 69.62616822429906,
  "model_rmsprop_lr0.0001_bs64": 30.373831775700932,
  "model_adam_lr1e-05_bs16": 74.61059190031153,
  "model_sgd_lr1e-05_bs16": 66.27725856697819,
  "model_rmsprop_lr1e-05_bs16": 74.84423676012462,
  "model_adam_lr1e-05_bs32": 73.83177570093457,
  "model_sgd_lr1e-05_bs32": 68.06853582554517,
  "model_rmsprop_lr1e-05_bs32": 73.36448598130842,
  "model_adam_lr1e-05_bs64": 72.89719626168225,
  "model_sgd_lr1e-05_bs64": 69.85981308411215,
  "model_rmsprop_lr1e-05_bs64": 46.573208722741434
}