{
  "model_adam_lr0.001_bs16": 76.04080507306314,
  "model_sgd_lr0.001_bs16": 72.42900468706921,
  "model_rmsprop_lr0.001_bs16": 77.61235180590019,
  "model_adam_lr0.001_bs32": 75.95809208712434,
  "model_sgd_lr0.001_bs32": 75.4618141714916,
  "model_rmsprop_lr0.001_bs32": 70.47146401985111,
  "model_adam_lr0.001_bs64": 77.25392886683208,
  "model_sgd_lr0.001_bs64": 74.11083540115798,
  "model_rmsprop_lr0.001_bs64": 74.91039426523298,
  "model_adam_lr0.0001_bs16": 76.06837606837607,
  "model_sgd_lr0.0001_bs16": 71.10559691204853,
  "model_rmsprop_lr0.0001_bs16": 76.26137303556658,
  "model_adam_lr0.0001_bs32": 74.46925834022609,
  "model_sgd_lr0.0001_bs32": 72.04301075268818,
  "model_rmsprop_lr0.0001_bs32": 71.3537358698649,
  "model_adam_lr0.0001_bs64": 75.57209815274332,
  "model_sgd_lr0.0001_bs64": 70.94017094017093,
  "model_rmsprop_lr0.0001_bs64": 75.57209815274332,
  "model_adam_lr1e-05_bs16": 74.52440033085195,
  "model_sgd_lr1e-05_bs16": 68.15550041356492,
  "model_rmsprop_lr1e-05_bs16": 66.39095671353736,
  "model_adam_lr1e-05_bs32": 73.91783843396746,
  "model_sgd_lr1e-05_bs32": 67.13537358698649,
  "model_rmsprop_lr1e-05_bs32": 71.76730079955887,
  "model_adam_lr1e-05_bs64": 71.43644885580369,
  "model_sgd_lr1e-05_bs64": 66.94237661979598,
  "model_rmsprop_lr1e-05_bs64": 70.0027570995313
}