{"accuracy": [0.5791357755661011, 0.6256712079048157, 0.6522628664970398, 0.6773203611373901, 0.677831768989563, 0.6931731104850769, 0.6982868909835815, 0.7149066925048828, 0.7233443856239319, 0.7205318212509155, 0.7345947623252869, 0.7374073266983032, 0.7504474520683289, 0.7432881593704224, 0.754794180393219, 0.7688570618629456, 0.7798516750335693, 0.7703912258148193, 0.783431351184845, 0.7816415429115295, 0.7962157726287842, 0.7944259643554688, 0.8066990375518799, 0.8092559576034546, 0.8289440274238586, 0.8171823024749756, 0.8199948668479919, 0.8302224278450012, 0.8345691561698914, 0.8481206893920898, 0.8468422293663025, 0.8486320376396179, 0.8552799820899963, 0.8493991494178772, 0.8614165186882019, 0.8639733791351318, 0.8675530552864075, 0.8749680519104004, 0.8734338879585266, 0.8831501007080078, 0.8869854211807251, 0.881615936756134, 0.8851956129074097, 0.896957278251648, 0.8990027904510498, 0.8982357382774353, 0.9053950309753418, 0.9099974632263184, 0.9094860553741455, 0.9179238080978394], "auc": [0.6071599125862122, 0.6709486842155457, 0.7067040205001831, 0.7394179701805115, 0.7443439960479736, 0.7615223526954651, 0.7774535417556763, 0.7878429293632507, 0.7995155453681946, 0.8030632138252258, 0.8146495819091797, 0.819588303565979, 0.8312867879867554, 0.8336025476455688, 0.8416856527328491, 0.8556730151176453, 0.8678204417228699, 0.8623376488685608, 0.872117817401886, 0.8768702149391174, 0.8893444538116455, 0.888096809387207, 0.8915867805480957, 0.9022955298423767, 0.9113940596580505, 0.9073497653007507, 0.9146836400032043, 0.9230728149414062, 0.9189708232879639, 0.9303037524223328, 0.9298050999641418, 0.928980827331543, 0.9387655258178711, 0.9379335641860962, 0.9422035217285156, 0.9460079073905945, 0.9493131041526794, 0.9536521434783936, 0.9514616131782532, 0.9592856764793396, 0.9585494995117188, 0.9606673717498779, 0.9570515751838684, 0.9645310640335083, 0.9671875238418579, 0.9665107727050781, 0.9689592123031616, 0.972412645816803, 0.9746479988098145, 0.977030336856842], "loss": [0.9290581941604614, 0.693686842918396, 0.6287217140197754, 0.5935726165771484, 0.5837335586547852, 0.5662222504615784, 0.5501394867897034, 0.5403767824172974, 0.5284518003463745, 0.5209726095199585, 0.5095676183700562, 0.502922773361206, 0.4861828088760376, 0.48449137806892395, 0.4717317521572113, 0.4574360251426697, 0.43792426586151123, 0.44694697856903076, 0.4368976652622223, 0.4289509356021881, 0.4074927568435669, 0.4085082709789276, 0.40348371863365173, 0.3883419632911682, 0.374081015586853, 0.3774162530899048, 0.364433616399765, 0.3499695360660553, 0.3562227785587311, 0.3346022665500641, 0.3331272304058075, 0.3344631791114807, 0.3145010471343994, 0.31525474786758423, 0.3059515953063965, 0.29692181944847107, 0.2903464436531067, 0.2792964577674866, 0.28281763195991516, 0.2636203467845917, 0.2656422257423401, 0.2576718032360077, 0.26327186822891235, 0.24526424705982208, 0.2365846037864685, 0.23756873607635498, 0.23038211464881897, 0.21900101006031036, 0.21339760720729828, 0.20080693066120148], "val_accuracy": [0.4883720874786377, 0.6219439506530762, 0.6857483386993408, 0.703637421131134, 0.7251043319702148, 0.7435897588729858, 0.7495527863502502, 0.7692307829856873, 0.7692307829856873, 0.7632677555084229, 0.7656529545783997, 0.7698270678520203, 0.7620751261711121, 0.7638640403747559, 0.7632677555084229, 0.7680381536483765, 0.7734048962593079, 0.7734048962593079, 0.7763863801956177, 0.7823494076728821, 0.7859272360801697, 0.7823494076728821, 0.7895050644874573, 0.7930828928947449, 0.7895050644874573, 0.8008348345756531, 0.8032200336456299, 0.8067978620529175, 0.8032200336456299, 0.8097793459892273, 0.8109719753265381, 0.8175312876701355, 0.8091830611228943, 0.8240906596183777, 0.8187239170074463, 0.8181276321411133, 0.8228980302810669, 0.8234943151473999, 0.8234943151473999, 0.8270721435546875, 0.8240906596183777, 0.8282647728919983, 0.8324388861656189, 0.8372092843055725, 0.8372092843055725, 0.8306499719619751, 0.8312462568283081, 0.8318426012992859, 0.8378056287765503, 0.8312462568283081], "val_auc": [0.6858019828796387, 0.7305757999420166, 0.7518168687820435, 0.7655150890350342, 0.7821004390716553, 0.7955487966537476, 0.8035172820091248, 0.8184659481048584, 0.8193184733390808, 0.8270400762557983, 0.831168532371521, 0.8368311524391174, 0.8415587544441223, 0.8429813981056213, 0.8451050519943237, 0.8497571349143982, 0.8569962382316589, 0.8624988794326782, 0.8654808402061462, 0.8697755932807922, 0.8712764978408813, 0.8723774552345276, 0.8732784390449524, 0.8777506351470947, 0.8807687163352966, 0.8836731910705566, 0.8879730105400085, 0.8916764259338379, 0.889682412147522, 0.8925667405128479, 0.8934621810913086, 0.8971335887908936, 0.8978928327560425, 0.9029934406280518, 0.9026432633399963, 0.9053012728691101, 0.9024801850318909, 0.9047319293022156, 0.9070782661437988, 0.9090924263000488, 0.9091216325759888, 0.9101016521453857, 0.9117035269737244, 0.9131125807762146, 0.9138962030410767, 0.9146035313606262, 0.9134265184402466, 0.9172836542129517, 0.9151729345321655, 0.9145594239234924], "val_loss": [0.6882094144821167, 0.6511648297309875, 0.6046996712684631, 0.577091634273529, 0.5549784302711487, 0.535239040851593, 0.5224444270133972, 0.5050316452980042, 0.5002866983413696, 0.4932953715324402, 0.48874005675315857, 0.4834004044532776, 0.4768067002296448, 0.4726950526237488, 0.47004586458206177, 0.4640504717826843, 0.45833316445350647, 0.44960805773735046, 0.44453123211860657, 0.43539944291114807, 0.4310262203216553, 0.4290136694908142, 0.43240025639533997, 0.42278751730918884, 0.42189040780067444, 0.41766098141670227, 0.40802574157714844, 0.40532803535461426, 0.40735477209091187, 0.4092230200767517, 0.4034425616264343, 0.3990364372730255, 0.39272740483283997, 0.3840964138507843, 0.3863682150840759, 0.3834921419620514, 0.389177531003952, 0.38624483346939087, 0.3779337406158447, 0.37644246220588684, 0.37535566091537476, 0.3755647838115692, 0.37706005573272705, 0.3682125508785248, 0.36848074197769165, 0.3659979999065399, 0.37798216938972473, 0.36499303579330444, 0.37256500124931335, 0.38561925292015076]}