{
  "model_adam_lr0.001_bs32_loso1": 71.65354330708662,
  "model_adam_lr0.001_bs32_loso2": 33.59580052493438,
  "model_adam_lr0.001_bs32_loso3": 36.22047244094488,
  "model_adam_lr0.001_bs32_loso4": 67.71653543307087,
  "model_adam_lr0.001_bs32_loso5": 68.24146981627297,
  "model_adam_lr0.001_bs32_loso6": 63.254593175853024,
  "model_adam_lr0.001_bs32_loso8": 54.59317585301837,
  "model_adam_lr0.001_bs32_loso11": 99.47506561679789,
  "model_adam_lr0.001_bs32_loso14": 98.4251968503937
}