{
  "model_00000": 44.26229508196722,
  "model_00001": 70.49180327868852,
  "model_00002": 32.786885245901644,
  "model_00003": 32.786885245901644
}